Date,Open,High,Low,Close,Adj Close,Volume,Ticker
6/19/18,49.700001,50.060001,49.580002,49.959999,48.460098,16600,XLC
6/20/18,50.450001,50.889,50.450001,50.580002,49.061481,190000,XLC
6/21/18,50.77,50.849998,50.200001,50.27,48.760796,428700,XLC
6/22/18,50.59,50.610001,50.189999,50.490002,48.974186,181500,XLC
6/25/18,50.23,50.23,49.014999,49.450001,47.965405,2509600,XLC
6/26/18,49.720001,49.779999,49.349998,49.532001,48.044945,104000,XLC
6/27/18,49.82,50,49.099998,49.099998,47.625923,144900,XLC
6/28/18,49.099998,49.790001,48.970001,49.59,48.101208,336500,XLC
6/29/18,49.799999,49.84,49.419998,49.529999,48.043007,152300,XLC
7/2/18,49.110001,49.84,48.939999,49.84,48.343704,321300,XLC
7/3/18,50,50,49.188999,49.23,47.752018,97500,XLC
7/5/18,49.59,50,49.330002,49.98,48.479496,324900,XLC
7/6/18,50.139999,50.816002,49.93,50.77,49.245781,199800,XLC
7/9/18,51.200001,51.200001,50.650002,51.060001,49.527077,118100,XLC
7/10/18,51.209999,51.209999,50.869999,51.039001,49.506695,1153200,XLC
7/11/18,50.700001,51.23,50.650002,50.970001,49.439774,227500,XLC
7/12/18,51.299999,51.77,51.139999,51.77,50.215755,361400,XLC
7/13/18,51.779999,51.799999,51.449001,51.689999,50.138153,80100,XLC
7/16/18,51.779999,51.779999,51.450001,51.540001,49.992664,200700,XLC
7/17/18,50.810001,51.68,50.720001,51.549999,50.002357,172600,XLC
7/18/18,51.59,51.599998,51.23,51.400002,49.856869,147800,XLC
7/19/18,51.43,51.470001,51.006001,51.040001,49.507683,258400,XLC
7/20/18,51.049999,51.186001,50.84,50.869999,49.342781,158400,XLC
7/23/18,50.93,51.099998,50.650002,51.080002,49.546467,94800,XLC
7/24/18,52.110001,52.110001,51.16,51.439999,49.895664,211200,XLC
7/25/18,51.529999,51.875,51.380001,51.810001,50.254562,604300,XLC
7/26/18,49.75,50.02,49.57,49.855999,48.359219,833400,XLC
7/27/18,49.77,49.830002,48.638,48.91,47.44162,1111200,XLC
7/30/18,49.02,49.02,47.868999,48.139999,46.694744,251300,XLC
7/31/18,48.369999,48.77,48.139999,48.459999,47.005131,1211400,XLC
8/1/18,48.560001,48.778999,48.118999,48.259998,46.811138,1250400,XLC
8/2/18,48.09,48.66,47.900002,48.580002,47.121529,190700,XLC
8/3/18,48.09,48.93,48.09,48.91,47.44162,117200,XLC
8/6/18,48.91,49.41,48.82,49.400002,47.916916,110200,XLC
8/7/18,49.68,49.799,49.419998,49.459999,47.975109,128800,XLC
8/8/18,49.549999,49.599998,49.358002,49.419998,47.936302,114200,XLC
8/9/18,49.459999,49.884998,49.459999,49.689999,48.198208,306400,XLC
8/10/18,49.529999,49.529999,49.150002,49.27,47.79081,177600,XLC
8/13/18,49.330002,49.610001,49.169998,49.200001,47.722916,261000,XLC
8/14/18,49.439999,49.630001,49.110001,49.549999,48.062412,189800,XLC
8/15/18,49.240002,49.299999,48.490002,48.860001,47.393112,555100,XLC
8/16/18,49.189999,49.235001,48.759998,48.84,47.373722,177600,XLC
8/17/18,48.66,48.810001,48.400002,48.610001,47.150627,226900,XLC
8/20/18,48.849998,48.849998,48.370998,48.689999,47.228226,145800,XLC
8/21/18,48.950001,49.23,48.810001,48.990002,47.519218,384900,XLC
8/22/18,48.849998,49.029999,48.75,48.93,47.461014,501900,XLC
8/23/18,48.880001,49.169998,48.720001,48.73,47.267021,283700,XLC
8/24/18,48.959999,49.439999,48.880001,49.439999,47.955715,330900,XLC
8/27/18,49.75,50.019001,49.660999,49.919998,48.421291,299200,XLC
8/28/18,50.060001,50.060001,49.631001,49.700001,48.207901,150200,XLC
8/29/18,49.830002,50.02,49.669998,49.98,48.479496,270900,XLC
8/30/18,49.810001,50.035,49.48,49.669998,48.178799,344400,XLC
8/31/18,49.619999,49.619999,49.042,49.18,47.703518,235000,XLC
9/4/18,49.049999,49.049999,48.400002,48.57,47.111832,343700,XLC
9/5/18,48.52,48.52,47.759998,47.939999,46.500748,773600,XLC
9/6/18,47.91,47.98,47.169998,47.580002,46.15155,599600,XLC
9/7/18,47.279999,47.950001,47.23,47.68,46.24855,755700,XLC
9/10/18,47.98,47.98,47.558998,47.779999,46.345551,310900,XLC
9/11/18,47.720001,48.360001,47.66,48.259998,46.811138,615700,XLC
9/12/18,48.130001,48.25,47.849998,48.119999,46.675343,713300,XLC
9/13/18,48.310001,48.52,48.209999,48.459999,47.005131,754500,XLC
9/14/18,48.639999,48.639999,48.25,48.369999,46.917835,1190800,XLC
9/17/18,48.419998,48.419998,47.860001,47.900002,46.461948,810800,XLC
9/18/18,47.950001,48.41,47.900002,48.240002,46.791733,430100,XLC
9/19/18,48.290001,48.419998,47.990002,48.369999,46.917835,2385200,XLC
9/20/18,48.77,48.950001,48.52,48.900002,47.431919,4554200,XLC
9/21/18,49.02,49.040001,48.419998,48.549999,47.219898,7974600,XLC
9/24/18,48.209999,48.619999,48.009998,48.549999,47.219898,6769400,XLC
9/25/18,48.540001,48.650002,48.25,48.57,47.239346,3994500,XLC
9/26/18,48.650002,49.25,48.599998,48.759998,47.424141,5688600,XLC
9/27/18,49.060001,49.529999,48.889999,49.18,47.832634,3649400,XLC
9/28/18,49.07,49.119999,48.798,49,47.657562,2306600,XLC
10/1/18,49.169998,49.220001,48.57,48.799999,47.463039,7636900,XLC
10/2/18,48.77,48.963001,48.580002,48.759998,47.424141,5823500,XLC
10/3/18,49.029999,49.189999,48.849998,48.98,47.638111,5146200,XLC
10/4/18,48.93,48.93,47.869999,48.279999,46.957287,5292200,XLC
10/5/18,48.349998,48.529999,47.48,47.82,46.509892,2648400,XLC
10/8/18,47.599998,47.830002,47.009998,47.66,46.354279,2170000,XLC
10/9/18,47.66,48.119999,47.57,47.630001,46.3251,1991400,XLC
10/10/18,47.529999,47.540001,45.709999,45.75,44.496601,4050700,XLC
10/11/18,45.66,46.27,44.93,45.360001,44.11729,8840700,XLC
10/12/18,46.439999,46.5,45.59,46.369999,45.099625,5877600,XLC
10/15/18,46.209999,46.68,46,46.189999,44.924545,1576900,XLC
10/16/18,46.689999,47.505001,46.610001,47.41,46.111126,3707300,XLC
10/17/18,47.740002,47.740002,47.110001,47.599998,46.295921,4571000,XLC
10/18/18,47.490002,47.490002,46.376999,46.73,45.44976,21297200,XLC
10/19/18,47,47.41,46.540001,46.720001,45.440037,3544400,XLC
10/22/18,46.990002,47.119999,46.509998,46.689999,45.410839,2711700,XLC
10/23/18,46.029999,46.790001,45.638,46.59,45.313583,2779600,XLC
10/24/18,46.580002,46.580002,44.32,44.369999,43.154404,3552300,XLC
10/25/18,45.169998,46.150002,45.169998,45.84,44.584137,3391700,XLC
10/26/18,44.43,45.599998,44.040001,44.599998,43.378109,5229100,XLC
10/29/18,45.299999,45.599998,43.07,43.91,42.707012,3491000,XLC
10/30/18,43.84,45.169998,43.665001,45.110001,43.874134,6283600,XLC
10/31/18,45.990002,46.549999,45.790001,46.040001,44.778652,3577200,XLC
11/1/18,46.189999,46.41,45.740002,46.310001,45.041267,2550000,XLC
11/2/18,46.450001,46.748001,45.540001,45.84,44.584137,2628600,XLC
11/5/18,45.93,45.93,45.32,45.650002,44.399342,2439500,XLC
11/6/18,45.700001,46.18,45.57,45.919998,44.661949,2040300,XLC
11/7/18,46.389999,46.790001,46.169998,46.759998,45.478924,2705800,XLC
11/8/18,46.790001,46.790001,46.049999,46.32,45.050983,1295700,XLC
11/9/18,45.740002,45.91,45.009998,45.369999,44.12701,2234500,XLC
11/12/18,45.32,45.369999,44.5,44.689999,43.465641,1203700,XLC
11/13/18,44.889999,45.290001,44.459999,44.549999,43.329475,2186100,XLC
11/14/18,45.029999,45.150002,44.41,44.77,43.543449,2137500,XLC
11/15/18,44.560001,45.18,44.136002,45.099998,43.86441,3864100,XLC
11/16/18,44.84,45.049999,44.450001,44.880001,43.650436,2092100,XLC
11/19/18,44.73,44.759998,43.389999,43.52,42.327698,2358000,XLC
11/20/18,42.740002,43.419998,42.380001,42.950001,41.773315,5028200,XLC
11/21/18,43.389999,43.860001,43.32,43.459999,42.269341,3187400,XLC
11/23/18,43.189999,43.330002,42.889999,42.889999,41.714958,667100,XLC
11/26/18,43.389999,43.880001,43.279999,43.869999,42.66811,2563700,XLC
11/27/18,43.720001,44.150002,43.529999,44.009998,42.804268,2114400,XLC
11/28/18,44.240002,44.93,43.73,44.93,43.699066,2707400,XLC
11/29/18,44.689999,45.305,44.535,45.080002,43.844971,2247700,XLC
11/30/18,45.16,45.16,44.639999,45.009998,43.776875,5563500,XLC
12/3/18,45.98,45.98,44.900002,45.080002,43.844971,5790400,XLC
12/4/18,45,45.259998,43.650002,43.75,42.551395,3268000,XLC
12/6/18,43.099998,44.240002,42.970001,44.240002,43.027977,3560400,XLC
12/7/18,44.09,44.450001,43.209999,43.400002,42.210987,2625800,XLC
12/10/18,43.52,43.939999,42.907001,43.73,42.531944,3379500,XLC
12/11/18,44.259998,44.360001,43.529999,43.77,42.570854,4425900,XLC
12/12/18,44.18,44.830002,44.18,44.240002,43.027977,3352600,XLC
12/13/18,44.380001,44.540001,43.759998,44.040001,42.833454,1984100,XLC
12/14/18,43.59,44.139999,43.52,43.610001,42.41523,1910800,XLC
12/17/18,43.450001,43.84,42.439999,42.759998,41.588524,3275000,XLC
12/18/18,42.990002,43.419998,42.700001,42.950001,41.773315,3597400,XLC
12/19/18,42.889999,43.57,41.790001,42.029999,40.878513,5714100,XLC
12/20/18,41.779999,42.209999,40.766998,41.290001,40.158802,9067000,XLC
12/21/18,41.259998,41.610001,39.5,39.810001,38.845402,7987400,XLC
12/24/18,39.529999,40.16,38.970001,38.970001,38.025757,3888500,XLC
12/26/18,39.27,41.18,39.041,41.16,40.162697,4104000,XLC
12/27/18,40.59,41.349998,39.75,41.349998,40.348083,3768600,XLC
12/28/18,41.509998,41.84,40.959999,41.220001,40.221245,2631900,XLC
12/31/18,41.540001,41.68,40.759998,41.279999,40.279781,5303600,XLC
1/2/19,40.599998,42.035,40.52,41.830002,40.816467,4625800,XLC
1/3/19,41.560001,41.880001,41.060001,41.130001,40.133427,3433700,XLC
1/4/19,41.810001,43.009998,41.669998,42.900002,41.860542,2647900,XLC
1/7/19,42.950001,43.57,42.810001,43.389999,42.338669,4048400,XLC
1/8/19,43.810001,44.18,43.490002,44.119999,43.050976,2144800,XLC
1/9/19,44.259998,44.290001,43.790001,44.18,43.10952,1840800,XLC
1/10/19,43.990002,44.330002,43.66,44.27,43.197342,1340500,XLC
1/11/19,43.990002,44.119999,43.66,44.049999,42.98267,1227900,XLC
1/14/19,43.759998,44.062,43.549999,43.889999,42.82655,2344900,XLC
1/15/19,44.110001,44.720001,44.029999,44.619999,43.538857,2459700,XLC
1/16/19,44.669998,44.779999,44.369999,44.43,43.353462,20343800,XLC
1/17/19,44.330002,44.73,44.189999,44.610001,43.529102,3311000,XLC
1/18/19,44.939999,45.275002,44.759998,44.970001,43.880383,3375800,XLC
1/22/19,44.66,44.720001,43.759998,44.040001,42.972912,4343200,XLC
1/23/19,44.290001,44.369999,43.439999,43.84,42.77776,2540500,XLC
1/24/19,43.82,44.09,43.59,44.040001,42.972912,2878700,XLC
1/25/19,44.43,44.740002,44.349998,44.599998,43.519344,3341100,XLC
1/28/19,44.18,44.27,43.820999,44.209999,43.13879,4328200,XLC
1/29/19,44.18,44.189999,43.549999,43.689999,42.631393,1138100,XLC
1/30/19,43.950001,44.403999,43.509998,44.32,43.246124,2578000,XLC
1/31/19,45.5,46.32,45.41,46.130001,45.012272,4798700,XLC
2/1/19,46.029999,46.360001,45.91,45.970001,44.856155,4395100,XLC
2/4/19,46.009998,46.400002,45.860001,46.400002,45.275738,3703100,XLC
2/5/19,46.360001,46.950001,46.330002,46.91,45.773373,2388600,XLC
2/6/19,46.529999,46.529999,45.759998,45.860001,44.748814,3748900,XLC
2/7/19,45.450001,45.589001,44.93,45.419998,44.319477,2341500,XLC
2/8/19,45.099998,45.73,45.060001,45.73,44.621964,2600400,XLC
2/11/19,45.919998,46.02,45.23,45.259998,44.163353,2061100,XLC
2/12/19,45.689999,45.939999,45.669998,45.779999,44.670753,2442900,XLC
2/13/19,45.970001,46.169998,45.77,45.810001,44.700031,3620700,XLC
2/14/19,45.57,46.188,45.380001,45.98,44.865913,2103300,XLC
2/15/19,46.299999,46.299999,45.939999,46.18,45.061066,2283500,XLC
2/19/19,46.049999,46.400002,45.98,46.23,45.109848,4218800,XLC
2/20/19,46.279999,46.380001,45.82,46.07,44.953724,3566300,XLC
2/21/19,45.959999,45.987999,45.470001,45.639999,44.534138,2631200,XLC
2/22/19,45.830002,46.09,45.720001,46.07,44.953724,4005400,XLC
2/25/19,46.34,46.404999,46.080002,46.119999,45.002514,2410800,XLC
2/26/19,45.98,46.334,45.849998,46.119999,45.002514,4704600,XLC
2/27/19,45.91,46.080002,45.560001,45.889999,44.778088,4009800,XLC
2/28/19,45.849998,46.07,45.810001,45.919998,44.807369,2374200,XLC
3/1/19,46.220001,46.299999,46.009998,46.279999,45.158642,7114200,XLC
3/4/19,46.509998,46.630001,45.744999,46.34,45.217182,2906600,XLC
3/5/19,46.349998,46.759998,46.119999,46.630001,45.500156,2805900,XLC
3/6/19,46.709999,46.807999,46.470001,46.610001,45.480637,6131600,XLC
3/7/19,46.549999,46.549999,45.970001,46.200001,45.080582,3377700,XLC
3/8/19,45.700001,46.200001,45.560001,46.169998,45.051304,2566500,XLC
3/11/19,46.290001,47.009998,46.290001,47,45.861195,3594000,XLC
3/12/19,47.09,47.349998,47.07,47.209999,46.066105,8112500,XLC
3/13/19,47.380001,47.529999,47.200001,47.349998,46.202717,3486900,XLC
3/14/19,47.200001,47.299999,47,47.139999,45.997803,3539800,XLC
3/15/19,47.119999,47.16,46.757,47.02,45.961636,6868900,XLC
3/18/19,46.82,46.869999,46.514999,46.619999,45.570641,2807200,XLC
3/19/19,46.799999,47.07,46.514999,46.700001,45.648842,3570800,XLC
3/20/19,46.700001,47.259998,46.529999,47.119999,46.059383,7390700,XLC
3/21/19,46.970001,47.777,46.93,47.740002,46.665424,3183200,XLC
3/22/19,47.52,47.716999,46.830002,46.970001,45.912758,5174600,XLC
3/25/19,46.84,47.119999,46.59,46.889999,45.834557,2408500,XLC
3/26/19,47.130001,47.540001,46.91,47.119999,46.059383,2488600,XLC
3/27/19,47.18,47.279999,46.529999,46.779999,45.727028,2465700,XLC
3/28/19,46.740002,46.799999,46.439999,46.669998,45.619511,1891100,XLC
3/29/19,46.919998,46.959999,46.400002,46.77,45.717262,2542900,XLC
4/1/19,47.130001,47.52,47.130001,47.48,46.411282,4249700,XLC
4/2/19,47.619999,47.799999,47.457001,47.73,46.655655,3323300,XLC
4/3/19,47.950001,48.330002,47.810001,47.91,46.8316,2303600,XLC
4/4/19,48.110001,48.348999,47.939999,48.18,47.095524,2788100,XLC
4/5/19,48.349998,48.360001,48.169998,48.32,47.232372,2379700,XLC
4/8/19,48.259998,48.279999,47.990002,48.23,47.144402,2340500,XLC
4/9/19,48.119999,48.439999,48.110001,48.360001,47.271473,4872800,XLC
4/10/19,48.470001,48.599998,48.299999,48.57,47.476746,2265200,XLC
4/11/19,48.66,48.720001,48.514999,48.599998,47.506077,2115300,XLC
4/12/19,48.970001,49.060001,48.794998,49.02,47.916618,4894100,XLC
4/15/19,49.029999,49.064999,48.689999,48.98,47.877514,2345700,XLC
4/16/19,49.119999,49.169998,48.84,49.029999,47.926392,2157000,XLC
4/17/19,49.220001,49.244999,49.009998,49.119999,48.014366,2826000,XLC
4/18/19,49.25,49.25,49.009998,49.150002,48.043697,1755100,XLC
4/22/19,49.049999,49.369999,49.001999,49.369999,48.258739,2126800,XLC
4/23/19,49.630001,50.150002,49.509998,50.029999,48.903885,3929800,XLC
4/24/19,50.040001,50.049999,49.720001,49.799999,48.679062,3311500,XLC
4/25/19,50.66,50.669998,50.200001,50.360001,49.226456,3064600,XLC
4/26/19,50.490002,50.779999,50.23,50.759998,49.617455,2076600,XLC
4/29/19,50.869999,51.34,50.869999,51.220001,50.067104,1340700,XLC
4/30/19,50.279999,50.419998,49.884998,50.07,48.942986,3197100,XLC
5/1/19,50.279999,50.375,49.805,49.810001,48.688835,4262700,XLC
5/2/19,49.849998,49.970001,49.189999,49.610001,48.493336,4680800,XLC
5/3/19,49.869999,50.119999,49.685001,50.09,48.962536,2050400,XLC
5/6/19,49.27,50.09,49.259998,50.009998,48.884335,3159800,XLC
5/7/19,49.720001,49.830002,48.810001,49.200001,48.092567,4342100,XLC
5/8/19,49.220001,49.41,49.07,49.119999,48.014366,3453500,XLC
5/9/19,48.73,49.150002,48.459999,48.970001,47.867741,4241500,XLC
5/10/19,48.869999,49.287998,48.169998,49.110001,48.004589,2900500,XLC
5/13/19,48.119999,48.419998,47.450001,47.59,46.518799,8211000,XLC
5/14/19,47.869999,48.279999,47.540001,47.860001,46.78273,5332000,XLC
5/15/19,47.610001,49.080002,47.610001,48.93,47.828644,7292700,XLC
5/16/19,48.959999,49.610001,48.882,49.360001,48.248966,4627100,XLC
5/17/19,48.939999,49.509998,48.880001,49,47.897072,3662800,XLC
5/20/19,48.5,48.580002,48.060001,48.189999,47.105301,3854100,XLC
5/21/19,48.580002,48.810001,48.380001,48.720001,47.623363,3023900,XLC
5/22/19,48.57,48.990002,48.57,48.669998,47.57449,2793700,XLC
5/23/19,48.18,48.32,47.709999,47.990002,46.909798,2570200,XLC
5/24/19,48.27,48.419998,47.950001,47.98,46.900024,3442300,XLC
5/28/19,48.18,48.610001,48.139999,48.189999,47.105301,2793400,XLC
5/29/19,47.990002,48.049999,47.505001,47.720001,46.645889,2512500,XLC
5/30/19,47.82,47.966999,47.580002,47.830002,46.753403,2520600,XLC
5/31/19,47.27,47.386002,47.02,47.09,46.03006,2484800,XLC
6/3/19,46.630001,46.630001,45.310001,45.610001,44.583366,7155200,XLC
6/4/19,45.990002,46.59,45.669998,46.59,45.541313,7110700,XLC
6/5/19,46.720001,46.720001,46.169998,46.610001,45.560867,5526400,XLC
6/6/19,46.700001,46.889999,46.449001,46.810001,45.756367,3175900,XLC
6/7/19,47.009998,47.73,46.970001,47.57,46.499256,3345600,XLC
6/10/19,47.869999,48.040001,47.459999,47.529999,46.460155,5163000,XLC
6/11/19,48.049999,48.169998,47.672001,47.73,46.655655,2869800,XLC
6/12/19,47.709999,47.900002,47.325001,47.5,46.430832,2459400,XLC
6/13/19,47.650002,48.049999,47.540001,48.029999,46.948898,6500400,XLC
6/14/19,48.110001,48.259998,47.939999,48.119999,47.036873,2734900,XLC
6/17/19,48.299999,48.790001,48.259998,48.669998,47.57449,4248700,XLC
6/18/19,49.330002,49.57,48.869999,48.939999,47.838417,3843500,XLC
6/19/19,48.939999,49.07,48.599998,49,47.897072,3319400,XLC
6/20/19,49.610001,49.633999,48.959999,49.310001,48.200096,3340000,XLC
6/21/19,49.110001,49.48,49.060001,49.400002,48.403896,10006600,XLC
6/24/19,49.490002,49.619999,49.32,49.52,48.521473,5236900,XLC
6/25/19,49.5,49.5,48.505001,48.599998,47.620022,2431900,XLC
6/26/19,48.75,48.959999,48.32,48.41,47.433857,2380900,XLC
6/27/19,48.740002,48.84,48.52,48.75,47.766998,1984700,XLC
6/28/19,48.880001,49.259998,48.720001,49.220001,48.227528,6084800,XLC
7/1/19,49.77,49.889999,49.43,49.619999,48.619461,2851800,XLC
7/2/19,49.639999,50.110001,49.639999,50.080002,49.070175,2336600,XLC
7/3/19,50.209999,50.459999,50.110001,50.34,49.324936,1260700,XLC
7/5/19,50.189999,50.48,49.860001,50.41,49.393528,3006100,XLC
7/8/19,50.209999,50.215,49.84,49.959999,48.952599,1152800,XLC
7/9/19,49.779999,50.349998,49.709999,50.27,49.256355,1714900,XLC
7/10/19,50.599998,50.895,50.400002,50.84,49.814857,2294400,XLC
7/11/19,50.950001,51.07,50.66,50.869999,49.844254,5463100,XLC
7/12/19,50.860001,51.25,50.779999,51.240002,50.206783,2621800,XLC
7/15/19,51.27,51.310001,50.970001,51.25,50.216591,4075900,XLC
7/16/19,51.279999,51.349998,51.040001,51.130001,50.09901,2540800,XLC
7/17/19,51.150002,51.220001,50.650002,50.650002,49.628696,4760700,XLC
7/18/19,50.18,50.32,49.845001,50.240002,49.226963,1813800,XLC
7/19/19,50.450001,50.450001,49.549999,49.59,48.590061,1979600,XLC
7/22/19,49.740002,49.799999,49.455002,49.779999,48.77623,2391500,XLC
7/23/19,49.939999,49.98,49.5,49.970001,48.962402,2624700,XLC
7/24/19,49.599998,50.459999,49.560001,50.41,49.393528,1840700,XLC
7/25/19,50.490002,50.639999,49.98,50.279999,49.266151,2192600,XLC
7/26/19,51.169998,51.869999,51.139999,51.720001,50.67712,5049700,XLC
7/29/19,51.639999,51.639999,51.169998,51.43,50.39296,2582300,XLC
7/30/19,51.110001,51.397999,51.040001,51.189999,50.157799,2095800,XLC
7/31/19,51.220001,51.509998,50.34,50.779999,49.756058,2090800,XLC
8/1/19,50.919998,51.599998,50.331001,50.540001,49.520908,4095700,XLC
8/2/19,50.290001,50.43,49.75,50.049999,49.040779,4656200,XLC
8/5/19,49.09,49.259998,47.970001,48.43,47.453461,6247900,XLC
8/6/19,48.959999,49.380001,48.68,49.130001,48.139347,6548200,XLC
8/7/19,48.549999,49.305,48.164001,49.189999,48.198132,3323300,XLC
8/8/19,49.59,50.189999,49.32,50.18,49.168171,2456700,XLC
8/9/19,49.880001,50.080002,49.310001,49.619999,48.619461,1837100,XLC
8/12/19,49.380001,49.43,48.880001,49.09,48.100143,2329400,XLC
8/13/19,49.040001,50.290001,48.98,49.810001,48.805622,4091700,XLC
8/14/19,49.110001,49.150002,47.970001,48.040001,47.07132,4532700,XLC
8/15/19,48.200001,48.369999,47.779999,48.119999,47.149708,3998600,XLC
8/16/19,48.52,48.82,48.380001,48.740002,47.757198,2499600,XLC
8/19/19,49.310001,49.709999,49.27,49.5,48.501877,2163500,XLC
8/20/19,49.330002,49.509998,49.060001,49.169998,48.178535,2156600,XLC
8/21/19,49.5,49.59,49.299999,49.360001,48.364704,2792300,XLC
8/22/19,49.48,49.575001,48.799999,49.25,48.256916,1649100,XLC
8/23/19,49,49.380001,47.735001,47.900002,46.934139,4020300,XLC
8/26/19,48.349998,48.630001,48.099998,48.619999,47.639618,3155300,XLC
8/27/19,49.099998,49.169998,48.560001,48.709999,47.72781,3139100,XLC
8/28/19,48.509998,48.900002,48.310001,48.830002,47.84539,2088900,XLC
8/29/19,49.34,49.740002,49.220001,49.59,48.590061,2169000,XLC
8/30/19,49.810001,49.860001,49.290001,49.529999,48.531277,3045500,XLC
9/3/19,49.189999,49.514999,48.91,49.040001,48.051151,3122100,XLC
9/4/19,49.52,50.080002,49.455002,49.990002,48.981995,1865900,XLC
9/5/19,50.48,50.895,50.389999,50.84,49.814857,3624600,XLC
9/6/19,50.849998,50.93,50.639999,50.73,49.707073,3445400,XLC
9/9/19,51,51.200001,50.610001,50.889999,49.86385,6421800,XLC
9/10/19,50.700001,51.09,50.634998,50.959999,49.932438,3638500,XLC
9/11/19,51,51.310001,50.950001,51.23,50.196999,6274100,XLC
9/12/19,51.540001,51.650002,51.311001,51.380001,50.343967,4014500,XLC
9/13/19,51.380001,51.5,51.18,51.290001,50.255787,3569400,XLC
9/16/19,50.990002,51.23,50.900002,51.099998,50.069618,2527600,XLC
9/17/19,51.09,51.16,50.810001,51.150002,50.118607,4556200,XLC
9/18/19,51.07,51.150002,50.540001,51.09,50.059814,1741500,XLC
9/19/19,51.189999,51.439999,50.990002,51.139999,50.108807,2357900,XLC
9/20/19,51.119999,51.119999,50.41,50.689999,49.78373,6357900,XLC
9/23/19,50.52,50.650002,50.259998,50.509998,49.606945,2177300,XLC
9/24/19,50.689999,50.700001,49.48,49.75,48.860535,5371100,XLC
9/25/19,49.720001,50.41,49.380001,50.32,49.420341,2181200,XLC
9/26/19,50.209999,50.209999,49.474998,49.830002,48.93911,1793800,XLC
9/27/19,49.919998,49.93,48.889999,49.27,48.389114,1852900,XLC
9/30/19,49.369999,49.605,49.276001,49.52,48.634644,2466600,XLC
10/1/19,49.650002,49.790001,48.939999,49.02,48.143585,2758700,XLC
10/2/19,48.639999,48.689999,48.07,48.279999,47.416813,4405500,XLC
10/3/19,48.32,48.790001,47.720001,48.75,47.87841,6945800,XLC
10/4/19,48.93,49.48,48.84,49.41,48.526615,1920200,XLC
10/7/19,49.279999,49.73,49.139999,49.41,48.526615,1365500,XLC
10/8/19,49.080002,49.209999,48.610001,48.610001,47.740925,2431400,XLC
10/9/19,48.91,49.080002,48.744999,48.900002,48.025734,4070600,XLC
10/10/19,48.84,49.369999,48.779999,49.18,48.300728,3093400,XLC
10/11/19,49.650002,50.200001,49.639999,49.759998,48.87035,4104900,XLC
10/14/19,49.709999,49.775002,49.529999,49.650002,48.762325,1246200,XLC
10/15/19,49.73,50.610001,49.66,50.5,49.597122,2105200,XLC
10/16/19,50.380001,50.650002,50.349998,50.59,49.68552,2285200,XLC
10/17/19,50.990002,51.009998,50.700001,50.889999,49.980152,2037200,XLC
10/18/19,50.759998,50.915001,50.02,50.299999,49.4007,1958200,XLC
10/21/19,50.509998,50.713001,50.452999,50.599998,49.695335,1425400,XLC
10/22/19,50.68,50.73,50.084999,50.110001,49.214104,2433600,XLC
10/23/19,50.099998,50.549999,50.099998,50.5,49.597122,1958500,XLC
10/24/19,50.240002,50.25,49.759998,49.93,49.037315,2444800,XLC
10/25/19,50,50.580002,49.900002,50.32,49.420341,1210800,XLC
10/28/19,50.580002,50.939999,50.540001,50.790001,49.881939,2882900,XLC
10/29/19,50.689999,50.77,50.240002,50.330002,49.430164,1788600,XLC
10/30/19,50.450001,50.610001,50.095001,50.470001,49.567665,3900600,XLC
10/31/19,50.84,50.84,50.169998,50.619999,49.714981,4059900,XLC
11/1/19,50.91,50.959999,50.560001,50.950001,50.039078,3450700,XLC
11/4/19,51.119999,51.314999,51.029999,51.23,50.314079,4650500,XLC
11/5/19,51.27,51.369999,51.150002,51.25,50.333717,1886900,XLC
11/6/19,51.25,51.27,50.84,51.07,50.156929,2288300,XLC
11/7/19,51.279999,51.75,51.200001,51.389999,50.471214,1976200,XLC
11/8/19,51.380001,51.689999,51.310001,51.529999,50.608711,1537500,XLC
11/11/19,51.25,51.360001,51.16,51.290001,50.373005,1133400,XLC
11/12/19,51.34,51.529999,51.209999,51.349998,50.431923,6801000,XLC
11/13/19,51.23,51.455002,51.119999,51.330002,50.412289,1471400,XLC
11/14/19,51.299999,51.66,51.23,51.560001,50.638176,1526200,XLC
11/15/19,51.84,52.009998,51.669998,51.990002,51.060493,2798500,XLC
11/18/19,51.91,52.259998,51.630001,52.169998,51.237267,1833000,XLC
11/19/19,52.32,52.32,51.939999,52.200001,51.266727,2134400,XLC
11/20/19,51.959999,52.139999,51.48,51.880001,50.952454,2428600,XLC
11/21/19,51.93,52.200001,51.735001,52.02,51.089947,1374400,XLC
11/22/19,52.110001,52.139999,51.810001,52.040001,51.109596,1623200,XLC
11/25/19,52.209999,52.264999,52.09,52.200001,51.266727,2358700,XLC
11/26/19,52.310001,52.389999,52.119999,52.369999,51.433689,2146600,XLC
11/27/19,52.529999,52.799999,52.450001,52.740002,51.797077,3416700,XLC
11/29/19,52.619999,52.75,52.509998,52.560001,51.620293,2396400,XLC
12/2/19,52.610001,52.700001,51.75,52.060001,51.12923,4503300,XLC
12/3/19,51.560001,52.005001,51.299999,51.959999,51.031025,3795500,XLC
12/4/19,52.25,52.404999,52.080002,52.23,51.296192,4519600,XLC
12/5/19,52.459999,52.470001,52.110001,52.450001,51.512268,3688600,XLC
12/6/19,52.799999,52.830002,52.630001,52.759998,51.816711,4971800,XLC
12/9/19,52.669998,53.049999,52.540001,52.560001,51.620293,3016100,XLC
12/10/19,52.540001,52.59,52.240002,52.380001,51.443516,6432200,XLC
12/11/19,52.5,52.66,52.419998,52.619999,51.679222,1436500,XLC
12/12/19,52.639999,53.060001,52.400002,52.68,51.738148,2866800,XLC
12/13/19,52.669998,52.785,52.334999,52.560001,51.620293,2834400,XLC
12/16/19,52.849998,53.150002,52.849998,53.080002,52.131004,5780800,XLC
12/17/19,53.080002,53.209999,52.939999,53.029999,52.081894,3222500,XLC
12/18/19,53.209999,53.570999,53.150002,53.389999,52.435459,1862800,XLC
12/19/19,53.43,53.880001,53.43,53.880001,52.916698,1873000,XLC
12/20/19,54.049999,54.084999,53.650002,53.93,53.081062,3109700,XLC
12/23/19,54.080002,54.145,53.755001,53.790001,52.943275,3248600,XLC
12/24/19,53.849998,53.889999,53.735001,53.779999,52.93343,891200,XLC
12/26/19,53.849998,54.189999,53.849998,54.189999,53.336975,830200,XLC
12/27/19,54.32,54.349998,53.98,54.09,53.238548,3205000,XLC
12/30/19,54.110001,54.110001,53.470001,53.529999,52.687359,2141300,XLC
12/31/19,53.439999,53.700001,53.380001,53.630001,52.785793,2049700,XLC
1/2/20,53.970001,54.259998,53.740002,54.259998,53.405876,6379500,XLC
1/3/20,53.669998,54.200001,53.560001,53.91,53.061382,2351400,XLC
1/6/20,53.610001,54.669998,53.599998,54.630001,53.770046,2535900,XLC
1/7/20,54.689999,54.91,54.509998,54.700001,53.838947,2642800,XLC
1/8/20,54.73,55.365002,54.66,55.09,54.222809,4161200,XLC
1/9/20,55.529999,55.555,55.095001,55.380001,54.508244,2297100,XLC
1/10/20,55.59,55.59,55.080002,55.16,54.291706,1941800,XLC
1/13/20,55.419998,55.709999,55.18,55.68,54.80352,2854000,XLC
1/14/20,55.669998,55.785,55.470001,55.540001,54.665726,2909600,XLC
1/15/20,55.68,55.919998,55.592999,55.810001,54.931469,2136800,XLC
1/16/20,56.049999,56.240002,55.869999,56.240002,55.35471,2031600,XLC
1/17/20,56.48,56.695,56.299999,56.68,55.787781,6103700,XLC
1/21/20,56.580002,56.726002,56.34,56.630001,55.738564,3182000,XLC
1/22/20,56.869999,56.904999,56.540001,56.599998,55.709034,4542800,XLC
1/23/20,56.5,56.529999,56.209999,56.369999,55.482655,1985600,XLC
1/24/20,56.509998,56.509998,55.43,55.689999,54.813358,3175800,XLC
1/27/20,54.650002,55.029999,54.509998,54.82,53.957062,5708800,XLC
1/28/20,55.169998,55.674999,54.91,55.450001,54.577141,6526600,XLC
1/29/20,55.759998,55.759998,55.16,55.360001,54.488556,5983800,XLC
1/30/20,54.110001,54.830002,53.973999,54.799999,53.937366,3163200,XLC
1/31/20,54.799999,54.799999,53.790001,53.91,53.061382,3635500,XLC
2/3/20,54.349998,54.810001,54.349998,54.549999,53.691315,5905700,XLC
2/4/20,54.77,55.151001,54.34,55.119999,54.252335,3504000,XLC
2/5/20,55.599998,55.650002,54.919998,55.209999,54.340919,3771700,XLC
2/6/20,55.48,55.994999,55.48,55.900002,55.020058,1998100,XLC
2/7/20,55.720001,56.060001,55.549999,55.860001,54.98069,2698600,XLC
2/10/20,55.73,56.200001,55.689999,56.189999,55.305492,4420500,XLC
2/11/20,56.48,56.560001,56.060001,56.130001,55.246437,1703300,XLC
2/12/20,56.41,56.939999,56.389999,56.860001,55.964943,1730200,XLC
2/13/20,56.540001,57.084999,56.41,56.869999,55.974789,2761600,XLC
2/14/20,56.919998,57.029999,56.705002,56.939999,56.043678,2111700,XLC
2/18/20,56.82,57.435001,56.810001,57.32,56.417702,2952900,XLC
2/19/20,57.529999,57.75,57.310001,57.580002,56.673615,4301800,XLC
2/20/20,57.330002,57.375,56.459999,56.990002,56.092903,2939000,XLC
2/21/20,56.73,56.82,55.959999,56.119999,55.236595,2927400,XLC
2/24/20,54.400002,54.779999,53.849998,54.240002,53.386185,5297200,XLC
2/25/20,54.43,54.66,52.689999,52.790001,51.959015,13048800,XLC
2/26/20,53.099998,53.761002,52.400002,52.689999,51.860592,6991500,XLC
2/27/20,51.68,52.41,50.610001,50.610001,49.81332,8635300,XLC
2/28/20,49.200001,50.849998,49.040001,50.759998,49.960972,17880300,XLC
3/2/20,51.290001,52.52,50.439999,52.52,51.693268,7324000,XLC
3/3/20,52.59,53.209999,50.48,50.790001,49.990494,9167600,XLC
3/4/20,51.66,52.650002,51.169998,52.619999,51.791687,3398100,XLC
3/5/20,51.439999,51.759998,50.32,50.700001,49.901909,4009100,XLC
3/6/20,49.080002,50.080002,48.619999,49.82,49.035767,6736400,XLC
3/9/20,46.549999,48.200001,45,46.5,45.768028,6080000,XLC
3/10/20,48.060001,48.889999,46.380001,48.869999,48.100712,5108100,XLC
3/11/20,47.689999,47.93,46.080002,46.77,46.033772,5854600,XLC
3/12/20,43.759998,45.389999,41.049999,42.380001,41.712883,9472200,XLC
3/13/20,45.009998,46.25,42.630001,46.189999,45.462906,7604700,XLC
3/16/20,39.509998,43.689999,39.110001,40.98,40.334915,19813500,XLC
3/17/20,41.799999,43.459999,40.150002,42.759998,42.086899,14016600,XLC
3/18/20,40.299999,41.689999,38.68,41.34,40.689251,18094800,XLC
3/19/20,41.009998,43.52,40.200001,42.080002,41.417599,14289200,XLC
3/20/20,42.869999,42.919998,40.049999,40.220001,39.586884,10077800,XLC
3/23/20,40.009998,41.169998,39.029999,40.32,39.797112,15113800,XLC
3/24/20,42.32,42.799999,41.470001,42.799999,42.244957,6497900,XLC
3/25/20,42.66,43.950001,41.419998,42.139999,41.593517,5291400,XLC
3/26/20,42.48,44.73,42.369999,44.540001,43.962395,4691000,XLC
3/27/20,43.279999,43.935001,42.59,42.759998,42.205475,3378100,XLC
3/30/20,43.16,44.470001,42.689999,44.32,43.745247,3025600,XLC
3/31/20,44.310001,45.035,43.949001,44.240002,43.666286,4777200,XLC
4/1/20,42.950001,43.450001,42.080002,42.48,41.929104,5481200,XLC
4/2/20,42.299999,43.290001,42.240002,43.02,42.462109,4537200,XLC
4/3/20,42.939999,43.110001,41.59,42.150002,41.603386,3071800,XLC
4/6/20,43.73,45.169998,43.48,44.93,44.347336,3294700,XLC
4/7/20,46.310001,46.450001,45.119999,45.259998,44.673054,3694300,XLC
4/8/20,45.759998,46.439999,45.290001,46.23,45.63047,2628200,XLC
4/9/20,46.799999,47.060001,46.080002,46.57,45.966064,3256500,XLC
4/13/20,46.450001,46.73,45.560001,46.639999,46.035156,2606200,XLC
4/14/20,47.610001,48.346001,47.32,48.02,47.397259,5554200,XLC
4/15/20,47.18,47.970001,46.98,47.57,46.953094,1969100,XLC
4/16/20,47.919998,47.919998,47.080002,47.759998,47.140633,2475600,XLC
4/17/20,48.599998,48.599998,47.759998,48.41,47.782204,3348400,XLC
4/20/20,47.959999,48.560001,47.799999,47.970001,47.347912,1948500,XLC
4/21/20,47.349998,47.436001,46.119999,46.459999,45.857491,4167700,XLC
4/22/20,47.68,48.060001,47.23,47.709999,47.091286,2151700,XLC
4/23/20,47.939999,48.630001,47.779999,48.049999,47.426872,2486900,XLC
4/24/20,47.950001,48.689999,47.5,48.66,48.028965,2693000,XLC
4/27/20,49.139999,49.299999,48.915001,49.060001,48.423775,2022300,XLC
4/28/20,49.560001,49.560001,48.09,48.169998,47.545311,2583000,XLC
4/29/20,49.900002,50.959999,49.799999,50.5,49.8451,3551600,XLC
4/30/20,50.529999,50.849998,49.852001,50.279999,49.627953,3663100,XLC
5/1/20,49.75,50.310001,49.167,49.580002,48.937031,2793500,XLC
5/4/20,49.27,49.939999,49,49.869999,49.22327,3721800,XLC
5/5/20,50.279999,50.700001,50.029999,50.130001,49.4799,2261500,XLC
5/6/20,50.540001,50.630001,49.970001,49.990002,49.341717,2486000,XLC
5/7/20,50.73,51.119999,50.560001,50.93,50.269524,3207200,XLC
5/8/20,51.549999,51.93,51.25,51.860001,51.187462,4640700,XLC
5/11/20,51.540001,52.25,51.424,51.889999,51.217072,2269700,XLC
5/12/20,52.049999,52.139999,50.869999,50.880001,50.220177,13806400,XLC
5/13/20,50.849998,50.990002,49.330002,50.009998,49.361458,4338800,XLC
5/14/20,49.59,50.549999,49.057999,50.549999,49.894451,3219800,XLC
5/15/20,50.139999,51.25,49.889999,51.25,50.585373,3938600,XLC
5/18/20,51.82,52.610001,51.669998,52.330002,51.651371,2852300,XLC
5/19/20,52.259998,52.93,52.080002,52.32,51.641499,5526800,XLC
5/20/20,53.080002,53.900002,53.040001,53.77,53.072697,4532500,XLC
5/21/20,54,54.18,53.330002,53.389999,52.697628,4016100,XLC
5/22/20,53.369999,53.799999,53.09,53.709999,53.013474,3870900,XLC
5/26/20,54.740002,54.790001,53.779999,53.860001,53.161526,3651100,XLC
5/27/20,53.900002,54.240002,52.895,54.240002,53.536602,5946600,XLC
5/28/20,53.77,54.599998,53.599998,53.73,53.033215,4074500,XLC
5/29/20,53.700001,54.169998,53.145,54.02,53.319458,6113400,XLC
6/1/20,53.889999,54.720001,53.790001,54.639999,53.931416,6930100,XLC
6/2/20,54.700001,54.880001,54.07,54.860001,54.148556,3468600,XLC
6/3/20,55,55.205002,54.830002,55.029999,54.316353,3217000,XLC
6/4/20,54.880001,55.110001,54.220001,54.619999,53.911674,2235300,XLC
6/5/20,54.990002,55.900002,54.98,55.509998,54.790131,2784300,XLC
6/8/20,55.52,56.59,55.369999,56.549999,55.816639,3216000,XLC
6/9/20,56.25,56.669998,56.110001,56.41,55.678459,3549200,XLC
6/10/20,56.759998,56.799999,55.860001,56.240002,55.510666,2638100,XLC
6/11/20,54.959999,55.34,53.529999,53.650002,52.954254,4669100,XLC
6/12/20,54.830002,55.029999,53.110001,54.119999,53.418156,4944200,XLC
6/15/20,53.330002,55.18,53.240002,54.990002,54.276878,4114300,XLC
6/16/20,56.09,56.110001,54.650002,55.439999,54.721039,4335600,XLC
6/17/20,55.560001,55.93,55.07,55.509998,54.790131,2621400,XLC
6/18/20,55.400002,55.73,55.27,55.689999,54.967796,4696300,XLC
6/19/20,56.360001,56.360001,55.130001,55.540001,54.819744,4740400,XLC
6/22/20,55.380001,55.630001,55.186001,55.549999,54.940399,1995800,XLC
6/23/20,55.91,56.48,55.709999,55.91,55.296452,4896900,XLC
6/24/20,55.720001,55.849998,54.150002,54.650002,54.050278,7736200,XLC
6/25/20,54.610001,55.009998,54.07,54.889999,54.287643,4779400,XLC
6/26/20,54.560001,54.610001,52.369999,52.470001,51.894203,6241400,XLC
6/29/20,52.18,53.439999,51.924999,53.439999,52.853554,3508300,XLC
6/30/20,53.419998,54.200001,53.169998,54.040001,53.446968,2815900,XLC
7/1/20,54.220001,55.59,54.18,55.380001,54.772266,5156500,XLC
7/2/20,55.880001,55.970001,55.119999,55.200001,54.594242,2252800,XLC
7/6/20,55.82,56.389999,55.650002,56.310001,55.692059,2082200,XLC
7/7/20,56.169998,56.98,56.074001,56.150002,55.533817,2392300,XLC
7/8/20,56.220001,56.75,55.794998,56.650002,56.028332,3106800,XLC
7/9/20,56.889999,56.950001,55.830002,56.720001,56.097561,3453700,XLC
7/10/20,56.68,57.740002,56.377998,57.700001,57.066807,2429100,XLC
7/13/20,58.16,58.415001,56.349998,56.540001,55.919533,2954700,XLC
7/14/20,55.970001,57.16,55.724998,57.099998,56.473389,3719800,XLC
7/15/20,57.349998,57.669998,56.82,57.439999,56.809662,3089200,XLC
7/16/20,56.939999,57.619999,56.73,57.540001,56.908566,2216700,XLC
7/17/20,57.549999,57.580002,56.810001,57.41,56.779991,1928900,XLC
7/20/20,57.310001,58.23,56.849998,58.099998,57.462414,2205300,XLC
7/21/20,58.48,58.529999,57.66,57.82,57.185486,2228100,XLC
7/22/20,57.810001,57.924999,57.465,57.880001,57.244831,1528700,XLC
7/23/20,57.990002,58.130001,56.639999,56.939999,56.315147,2271200,XLC
7/24/20,56.549999,57.026001,56.259998,56.849998,56.226128,3291800,XLC
7/27/20,57.060001,57.32,56.757999,57.240002,56.611858,1556100,XLC
7/28/20,57.080002,57.290001,56.560001,56.650002,56.028332,1818100,XLC
7/29/20,56.93,57.325001,56.720001,57.169998,56.542625,1720600,XLC
7/30/20,56.630001,57.43,56.349998,57.330002,56.700867,2202100,XLC
7/31/20,58.380001,58.380001,57.235001,58.130001,57.492088,2741700,XLC
8/3/20,58.279999,58.349998,57.757999,58.18,57.541542,2335700,XLC
8/4/20,58.16,58.560001,58.16,58.549999,57.907478,2829100,XLC
8/5/20,58.720001,58.810001,58.290001,58.459999,57.818466,1874200,XLC
8/6/20,58.549999,60.060001,58.450001,60,59.341568,2277200,XLC
8/7/20,59.849998,60.880001,59.43,59.93,59.272335,2525900,XLC
8/10/20,59.91,60.459999,59.150002,59.73,59.074528,4230300,XLC
8/11/20,59.66,60.014999,58.720001,58.84,58.194298,3121200,XLC
8/12/20,59.169998,59.91,59.169998,59.540001,58.886616,6266000,XLC
8/13/20,59.599998,60.268002,59.569,59.84,59.183327,1707300,XLC
8/14/20,59.889999,60.009998,59.630001,59.830002,59.173435,1205100,XLC
8/17/20,60.060001,60.060001,59.689999,59.900002,59.242664,1179400,XLC
8/18/20,60.060001,60.630001,59.794998,60.439999,59.776733,1353100,XLC
8/19/20,60.490002,60.939999,60.130001,60.27,59.608601,2143500,XLC
8/20/20,60.029999,61.09,59.994999,61.02,60.35038,7930600,XLC
8/21/20,60.880001,61.07,60.540001,60.75,60.083336,2003100,XLC
8/24/20,61.189999,61.759998,61.112999,61.490002,60.815216,3340600,XLC
8/25/20,61.509998,62.174999,61.360001,62.07,61.388851,4156100,XLC
8/26/20,62.200001,64.260002,62.18,64.190002,63.485584,3234100,XLC
8/27/20,64.150002,64.153999,63.165001,63.41,62.714146,5037200,XLC
8/28/20,63.57,63.66,63.23,63.560001,62.862499,1819300,XLC
8/31/20,63.5,63.689999,63.169998,63.259998,62.565784,2728400,XLC
9/1/20,63.380001,63.937,63.119999,63.779999,63.080082,4703000,XLC
9/2/20,64.150002,65.339996,63.889999,65.139999,64.425163,4321700,XLC
9/3/20,64.559998,64.709999,62.185001,62.93,62.23941,7536500,XLC
9/4/20,62.610001,62.959999,60.169998,61.779999,61.102036,10039900,XLC
9/8/20,60.259998,61.014999,60.02,60.150002,59.489925,8138700,XLC
9/9/20,60.970001,61.450001,60.220001,60.869999,60.202019,4940700,XLC
9/10/20,61.240002,61.700001,59.790001,59.970001,59.311897,4882100,XLC
9/11/20,60.34,60.513,59.119999,59.779999,59.123981,5509000,XLC
9/14/20,60.43,61.130001,59.98,60.009998,59.351456,3241600,XLC
9/15/20,60.66,61.369999,60.48,61.080002,60.409714,2024000,XLC
9/16/20,61.080002,61.560001,60.32,60.419998,59.756954,2368600,XLC
9/17/20,59.369999,59.84,58.580002,59.310001,58.659138,4600500,XLC
9/18/20,59.650002,59.68,57.959999,58.740002,58.095398,4665400,XLC
9/21/20,57.68,58.119999,57.064999,57.93,57.415489,7845700,XLC
9/22/20,58.459999,59.169998,58.02,59.049999,58.525543,2304600,XLC
9/23/20,59.169998,59.290001,57.470001,57.639999,57.128059,3913000,XLC
9/24/20,57.279999,58.290001,57.18,57.75,57.237091,2944900,XLC
9/25/20,57.68,58.721001,57.23,58.52,58.000244,1879800,XLC
9/28/20,59.400002,59.509998,58.849998,59.299999,58.773319,2016800,XLC
9/29/20,59.369999,59.595001,59.029999,59.360001,58.83279,3249100,XLC
9/30/20,59.419998,60,59.07,59.400002,58.872433,2884000,XLC
10/1/20,59.889999,60.384998,59.799999,60.25,59.714882,7536600,XLC
10/2/20,59.279999,59.900002,58.82,59.060001,58.535454,3320200,XLC
10/5/20,59.43,60.060001,59.349998,60.029999,59.496834,2122200,XLC
10/6/20,59.75,60.07,58.669998,58.77,58.248028,2198400,XLC
10/7/20,59.279999,59.380001,58.650002,59.200001,58.67421,2063400,XLC
10/8/20,59.509998,60,59.509998,59.970001,59.43737,1352300,XLC
10/9/20,60.279999,60.41,60.080002,60.330002,59.794174,1838300,XLC
10/12/20,61.220001,62.580002,60.985001,61.919998,61.370045,3935600,XLC
10/13/20,62.240002,62.310001,61.689999,61.98,61.429516,2581900,XLC
10/14/20,62.240002,62.290001,61.060001,61.240002,60.696091,1999800,XLC
10/15/20,60.509998,60.91,60.25,60.77,60.230267,1700200,XLC
10/16/20,61.169998,61.400002,60.685001,60.779999,60.240173,2932200,XLC
10/19/20,61,61.195,59.465,59.689999,59.159855,3320800,XLC
10/20/20,59.82,60.639999,59.57,60.119999,59.58604,4365000,XLC
10/21/20,60.860001,61.700001,60.709999,61.130001,60.58707,3262000,XLC
10/22/20,61.330002,61.672001,60.715,61.529999,60.983513,2492900,XLC
10/23/20,61.740002,62.130001,61.279999,62.110001,61.558365,1839900,XLC
10/26/20,61.57,61.860001,60.174999,60.75,60.210442,2771500,XLC
10/27/20,60.990002,61.310001,60.634998,61.139999,60.596973,1582100,XLC
10/28/20,60.07,60.139999,58.66,58.740002,58.218296,4236400,XLC
10/29/20,59.439999,60.785,59.150002,60.220001,59.68515,3172900,XLC
10/30/20,60.369999,60.73,58.57,59.200001,58.67421,3421000,XLC
11/2/20,59.630001,60.169998,58.681,59.169998,58.644474,3668600,XLC
11/3/20,59.630001,60.57,59.41,60.049999,59.516659,3494500,XLC
11/4/20,61.73,63.110001,61.630001,62.639999,62.083652,4571200,XLC
11/5/20,63.709999,64.290001,63.259998,63.849998,63.282909,3258000,XLC
11/6/20,63.889999,63.889999,63.009998,63.700001,63.134243,5735300,XLC
11/9/20,64.660004,64.849998,63.119999,63.16,62.599037,6021600,XLC
11/10/20,62.459999,63.16,61.860001,62.959999,62.400814,12894000,XLC
11/11/20,63.400002,63.610001,63.200001,63.529999,62.965748,5063100,XLC
11/12/20,63.490002,63.84,62.939999,63.169998,62.608948,7035900,XLC
11/13/20,63.630001,64.209999,63.27,64.110001,63.5406,1661300,XLC
11/16/20,64.129997,64.595001,64.089996,64.519997,63.946949,4772300,XLC
11/17/20,64.220001,64.599998,63.970001,64.290001,63.719002,3483100,XLC
11/18/20,64.25,64.43,63.630001,63.639999,63.074776,2470000,XLC
11/19/20,63.369999,64.169998,63.279999,64.029999,63.461308,3390400,XLC
11/20/20,64.080002,64.360001,63.869999,63.880001,63.312641,1876300,XLC
11/23/20,64.110001,64.235001,63.279999,63.91,63.342377,2190900,XLC
11/24/20,64.080002,65.279999,64.029999,65.220001,64.640747,2179000,XLC
11/25/20,65.349998,65.360001,64.641998,65.209999,64.630829,1693300,XLC
11/27/20,65.519997,65.839996,65.300003,65.629997,65.047089,1229900,XLC
11/30/20,65.480003,65.480003,64.720001,65.400002,64.819138,3617300,XLC
12/1/20,65.82,67.050003,65.739998,66.599998,66.008492,3888900,XLC
12/2/20,66.510002,67.419998,66.190002,67.220001,66.622986,2380800,XLC
12/3/20,67.150002,67.459999,66.790001,66.919998,66.325645,2129300,XLC
12/4/20,66.919998,67.120003,66.769997,66.980003,66.385109,1997000,XLC
12/7/20,66.919998,67.584999,66.800003,67.400002,66.801369,1981800,XLC
12/8/20,67.330002,67.389999,66.785004,67.300003,66.702263,1712800,XLC
12/9/20,67.389999,67.809998,66.059998,66.5,65.909378,5494600,XLC
12/10/20,66.129997,66.650002,65.5,66.540001,65.949028,2287400,XLC
12/11/20,66.440002,67.040001,66.349998,66.940002,66.345467,2668300,XLC
12/14/20,67.120003,67.599998,66.68,66.730003,66.137329,2622800,XLC
12/15/20,67.059998,67.279999,66.410004,67.279999,66.682449,1604200,XLC
12/16/20,67.389999,67.449997,66.960999,67.220001,66.622986,3249300,XLC
12/17/20,67.470001,67.614998,66.894997,67.050003,66.454498,2437600,XLC
12/18/20,67.209999,67.324997,66.580002,67.110001,66.513954,4397800,XLC
12/21/20,66.209999,66.550003,65.419998,66.43,65.945145,4508500,XLC
12/22/20,66.43,66.43,65.410004,65.809998,65.329666,2041900,XLC
12/23/20,66.040001,66.650002,65.870003,66.190002,65.706894,1671200,XLC
12/24/20,66.260002,66.529999,66.035004,66.260002,65.776382,859700,XLC
12/28/20,66.800003,67.550003,66.589996,67.449997,66.957687,2806600,XLC
12/29/20,67.610001,67.730003,67.309998,67.389999,66.898132,1502000,XLC
12/30/20,67.650002,67.650002,66.900002,66.940002,66.451416,2151800,XLC
12/31/20,66.860001,67.589996,66.860001,67.480003,66.987473,2274200,XLC
1/4/21,67.75,67.790001,65.68,66.480003,65.994774,4456800,XLC
1/5/21,66.32,66.900002,66.25,66.720001,66.233032,2184600,XLC
1/6/21,65.690002,66.849998,65.480003,66.400002,65.915359,3904200,XLC
1/7/21,66.699997,67.599998,66.589996,67.279999,66.788933,2202600,XLC
1/8/21,67.309998,67.540001,66.68,67.489998,66.997398,4993100,XLC
1/11/21,66.510002,66.889999,66.150002,66.290001,65.80616,2202900,XLC
1/12/21,66.190002,66.510002,64.860001,65.220001,64.743973,14316600,XLC
1/13/21,65.190002,65.769997,65,65.449997,64.97229,3685300,XLC
1/14/21,65.57,65.82,64.974998,65.080002,64.604996,2543300,XLC
1/15/21,65.089996,65.599998,64.785004,65.290001,64.813461,4829000,XLC
1/19/21,65.739998,66.629997,65.32,66.470001,65.984848,4431500,XLC
1/20/21,67.800003,68.870003,67.580002,68.559998,68.059593,4614800,XLC
1/21/21,68.849998,69.199997,68.629997,68.809998,68.307762,2393900,XLC
1/22/21,68.739998,69.095001,68.580002,68.839996,68.33754,1979400,XLC
1/25/21,69.290001,69.610001,68.32,69.239998,68.734619,4084400,XLC
1/26/21,69.169998,70.300003,69.169998,70.18,69.66777,3038300,XLC
1/27/21,69.580002,69.769997,67.440002,67.910004,67.414337,7709600,XLC
1/28/21,68.519997,69.370003,68.120003,68.150002,67.65258,6688200,XLC
1/29/21,67.730003,67.870003,66.440002,66.879997,66.391853,4555200,XLC
2/1/21,67.470001,68.43,66.940002,68.129997,67.632729,3135100,XLC
2/2/21,68.580002,69.540001,68.449997,69.169998,68.665138,2010300,XLC
2/3/21,70.269997,70.68,69.657997,70.099998,69.588356,2848300,XLC
2/4/21,70.230003,70.529999,69.830002,70.519997,70.005287,2639900,XLC
2/5/21,70.910004,71.5,70.900002,71.410004,70.888794,1849400,XLC
2/8/21,71.75,71.830002,71.139999,71.690002,71.166748,5201000,XLC
2/9/21,71.510002,72.309998,71.389999,71.93,71.404991,6044200,XLC
2/10/21,72.580002,72.830002,71.599998,72.610001,72.080032,2494500,XLC
2/11/21,72.760002,72.760002,72.059998,72.690002,72.159447,1860100,XLC
2/12/21,72.599998,73.089996,72.540001,73,72.467186,1573900,XLC
2/16/21,73,73.845001,73,73.349998,72.814629,1997000,XLC
2/17/21,72.919998,73.620003,72.790001,73.559998,73.023094,1976400,XLC
2/18/21,73.059998,73.489998,72.663002,73.199997,72.665718,2019900,XLC
2/19/21,73.410004,73.410004,72.379997,72.480003,71.950981,2500000,XLC
2/22/21,71.790001,72.860001,71.739998,72.190002,71.663094,2168100,XLC
2/23/21,71.540001,73,70.5,72.75,72.219009,4639200,XLC
2/24/21,72.010002,73.059998,71.800003,72.879997,72.348061,4004600,XLC
2/25/21,72.910004,73.449997,71.019997,71.290001,70.769676,5492600,XLC
2/26/21,71.690002,72.875,71.050003,71.57,71.047615,5379400,XLC
3/1/21,72.519997,73.599998,72.220001,73.400002,72.864265,4196100,XLC
3/2/21,73.419998,73.870003,72.809998,72.860001,72.328217,4647700,XLC
3/3/21,72.769997,73.095001,71.639999,71.82,71.295799,4724000,XLC
3/4/21,71.809998,73.150002,70.809998,71.690002,71.166748,8581100,XLC
3/5/21,72.300003,73.589996,71.389999,73.370003,72.834488,11937300,XLC
3/8/21,73.43,73.870003,72.339996,72.389999,71.861641,8332000,XLC
3/9/21,73.550003,73.830002,73.010002,73.199997,72.665718,8758100,XLC
3/10/21,74.110001,74.110001,73.129997,73.510002,72.973473,5704600,XLC
3/11/21,74.230003,75.355003,74.07,74.900002,74.353325,3256900,XLC
3/12/21,74.300003,74.790001,74.040001,74.690002,74.144852,3106500,XLC
3/15/21,74.879997,75.264999,74.540001,75.220001,74.67099,3338900,XLC
3/16/21,75.650002,76.599998,75.419998,76.010002,75.455223,3802800,XLC
3/17/21,75.432999,76.309998,74.739998,76.019997,75.465141,4617200,XLC
3/18/21,75.099998,75.790001,74.68,74.760002,74.21434,5529800,XLC
3/19/21,74.879997,75.800003,74.790001,75.410004,74.859596,9243200,XLC
3/22/21,75.489998,76.419998,75.139999,75.910004,75.48909,5225800,XLC
3/23/21,75.830002,76.254997,75.224998,75.349998,74.93219,4294800,XLC
3/24/21,75.349998,75.349998,73.43,73.449997,73.042725,4263400,XLC
3/25/21,73.040001,73.639999,72.519997,73.089996,72.684723,3846200,XLC
3/26/21,73.129997,73.330002,71.019997,72.290001,71.88916,4204600,XLC
3/29/21,72.269997,73.309998,72.040001,73.029999,72.625053,4274000,XLC
3/30/21,73.029999,73.190002,72.709999,73.029999,72.625053,2660300,XLC
3/31/21,73.330002,73.769997,73.050003,73.32,72.913445,3857400,XLC
4/1/21,73.980003,74.629997,73.980003,74.580002,74.166466,4549600,XLC
4/5/21,74.940002,76.254997,74.940002,76.150002,75.72776,3970000,XLC
4/6/21,76.129997,76.57,75.970001,76.339996,75.916695,2523500,XLC
4/7/21,76.360001,77.009003,76.360001,76.93,76.503433,2347700,XLC
4/8/21,77.330002,77.389999,76.692001,76.940002,76.513382,2891400,XLC
4/9/21,76.639999,76.974998,76.360001,76.919998,76.493477,2324100,XLC
4/12/21,76.699997,76.735001,76.260002,76.610001,76.185211,2234300,XLC
4/13/21,76.830002,77.160004,76.599998,76.709999,76.284653,2891100,XLC
4/14/21,76.639999,76.669998,75.760002,75.919998,75.499031,3939200,XLC
4/15/21,76.440002,77.099998,76.330002,76.889999,76.463654,4523500,XLC
4/16/21,77.099998,77.139999,76.550003,76.839996,76.413925,3378100,XLC
4/19/21,76.639999,77.059998,76.010002,76.410004,75.986313,3188300,XLC
4/20/21,76.269997,76.470001,75.43,76,75.57859,3535200,XLC
4/21/21,75.559998,76.150002,75.089996,76.129997,75.707863,7034100,XLC
4/22/21,76.309998,76.464996,75.290001,75.57,75.15097,3532900,XLC
4/23/21,75.900002,76.669998,75.737999,76.449997,76.026085,2741900,XLC
4/26/21,76.610001,76.75,76.419998,76.610001,76.185211,2767100,XLC
4/27/21,76.730003,76.870003,76.209999,76.300003,75.87693,4684900,XLC
4/28/21,77.339996,77.849998,76.93,77,76.573044,3355400,XLC
4/29/21,78.809998,79.220001,78.25,79.129997,78.691231,4816200,XLC
4/30/21,78.150002,78.410004,77.919998,78.050003,77.617226,3819500,XLC
5/3/21,78.360001,78.448997,77.550003,77.639999,77.209496,3861300,XLC
5/4/21,77.209999,77.449997,75.809998,76.940002,76.513382,6848700,XLC
5/5/21,77.410004,77.650002,76.695,76.790001,76.364204,3829000,XLC
5/6/21,76.699997,77.709999,76.580002,77.690002,77.259224,5321700,XLC
5/7/21,78.269997,78.644997,77.900002,78.279999,77.845947,3636400,XLC
5/10/21,77.889999,77.919998,76.724998,76.779999,76.354256,4043500,XLC
5/11/21,75.650002,76.75,75.559998,76.559998,76.135483,9642100,XLC
5/12/21,75.620003,76.080002,74.839996,75.059998,74.643799,5624800,XLC
5/13/21,75.529999,76.260002,75.129997,75.599998,75.180809,7711900,XLC
5/14/21,76.279999,77.25,76.150002,77.089996,76.662544,3257000,XLC
5/17/21,77.07,77.129997,75.980003,76.480003,76.055931,3006100,XLC
5/18/21,76.470001,76.709999,75.68,75.699997,75.280243,2438200,XLC
5/19/21,74.612999,75.870003,74.540001,75.82,75.399582,4936800,XLC
5/20/21,76.199997,77.285004,76.019997,77.120003,76.692375,3504500,XLC
5/21/21,77.480003,77.5,76.82,76.860001,76.433823,4452000,XLC
5/24/21,77.440002,78.459999,77.290001,78.260002,77.826057,3020000,XLC
5/25/21,78.68,78.790001,78.080002,78.239998,77.806168,3079300,XLC
5/26/21,78.470001,79.080002,78.309998,78.75,78.313339,4644900,XLC
5/27/21,78.848,79.238998,78.714996,79.050003,78.611671,4462100,XLC
5/28/21,79.269997,79.300003,78.710999,78.790001,78.353119,2834100,XLC
6/1/21,79.080002,79.220001,78.459999,78.839996,78.402832,3301400,XLC
6/2/21,78.989998,79.099998,78.205002,78.599998,78.164169,2782000,XLC
6/3/21,78.050003,78.288002,77.589996,78.07,77.637115,2812300,XLC
6/4/21,78.389999,79.300003,78.269997,79.190002,78.7509,2333200,XLC
6/7/21,79.059998,79.639999,78.980003,79.599998,79.158623,3321100,XLC
6/8/21,79.82,79.82,78.980003,79.370003,78.929901,3325100,XLC
6/9/21,79.730003,79.860001,79.25,79.290001,78.850349,5168000,XLC
6/10/21,79.370003,79.845001,79.080002,79.720001,79.277954,2470300,XLC
6/11/21,79.839996,79.855003,79.440002,79.809998,79.367455,3729100,XLC
6/14/21,79.870003,80.360001,79.639999,80.339996,79.894524,2733200,XLC
6/15/21,80.410004,80.550003,79.742996,79.879997,79.437065,3085700,XLC
6/16/21,80.040001,80.040001,78.510002,79.18,78.740952,4691900,XLC
6/17/21,79.07,79.970001,79.040001,79.510002,79.06913,4556300,XLC
6/18/21,79.158997,79.239998,78.459999,78.580002,78.144287,6194800,XLC
6/21/21,78.620003,79.260002,78.279999,79.199997,78.90242,3274400,XLC
6/22/21,79.279999,79.989998,79.050003,79.879997,79.579857,4690300,XLC
6/23/21,79.809998,80.220001,79.735001,79.800003,79.500168,4669000,XLC
6/24/21,80.18,80.589996,80.129997,80.550003,80.247345,3430900,XLC
6/25/21,80.529999,80.739998,80.375,80.650002,80.346977,5843400,XLC
6/28/21,80.839996,81.660004,80.588997,81.559998,81.253548,3553900,XLC
6/29/21,81.57,81.650002,80.894997,81.120003,80.815208,4272900,XLC
6/30/21,81.050003,81.190002,80.68,80.970001,80.665771,2533700,XLC
7/1/21,80.870003,81.68,80.849998,81.57,81.263512,5227500,XLC
7/2/21,81.870003,82.254997,81.735001,82.139999,81.831375,4347500,XLC
7/6/21,82.279999,82.386002,81.190002,81.940002,81.632126,3829500,XLC
7/7/21,82.32,82.32,81.629997,81.82,81.512573,3651700,XLC
7/8/21,80.769997,81.290001,80.519997,80.919998,80.615959,5237000,XLC
7/9/21,80.949997,81.761002,80.940002,81.639999,81.333252,2914300,XLC
7/12/21,81.809998,82.260002,81.5,82.220001,81.911079,3568600,XLC
7/13/21,82.139999,82.644997,81.93,82.010002,81.701866,3979100,XLC
7/14/21,82.480003,82.540001,81.860001,81.949997,81.642082,3459600,XLC
7/15/21,82.050003,82.050003,81.029999,81.370003,81.06427,4500500,XLC
7/16/21,81.489998,81.720001,80.760002,80.860001,80.556183,3509300,XLC
7/19/21,80.209999,80.220001,79.260002,79.629997,79.330803,6896900,XLC
7/20/21,79.900002,80.824997,79.474998,80.529999,80.227425,4111800,XLC
7/21/21,80.599998,81.205002,80.559998,81.199997,80.894905,2612700,XLC
7/22/21,81.190002,81.5,80.82,81.480003,81.173859,2254800,XLC
7/23/21,82.43,83.728996,82.07,83.5,83.186264,3872500,XLC
7/26/21,83.400002,83.955002,83.269997,83.93,83.614647,3189800,XLC
7/27/21,83.830002,83.910004,82.32,82.93,82.618408,4857500,XLC
7/28/21,83.809998,84.18,83.199997,83.580002,83.265968,7295300,XLC
7/29/21,83.040001,83.32,82.639999,82.68,82.369347,5291200,XLC
7/30/21,82.169998,82.934998,82.029999,82.400002,82.090393,2999500,XLC
8/2/21,82.75,82.830002,82.059998,82.209999,81.901115,3988200,XLC
8/3/21,82.239998,82.25,80.910004,81.839996,81.532501,4860500,XLC
8/4/21,81.959999,82.269997,81.589996,82.07,81.761635,3864600,XLC
8/5/21,82.309998,82.834999,82.110001,82.82,82.50882,2261300,XLC
8/6/21,82.650002,83.050003,82.610001,82.82,82.50882,2764400,XLC
8/9/21,82.809998,82.82,82.389999,82.669998,82.359383,2367800,XLC
8/10/21,82.75,82.919998,82.470001,82.830002,82.518784,6254400,XLC
8/11/21,82.989998,83.084999,82.68,82.989998,82.678177,2457600,XLC
8/12/21,82.900002,83.18,82.470001,83.139999,82.827621,2269000,XLC
8/13/21,83.349998,83.449997,83.125,83.190002,82.877426,2144600,XLC
8/16/21,82.900002,83.349998,82.25,83.330002,83.016907,3483200,XLC
8/17/21,82.790001,83.129997,82.099998,82.639999,82.329498,5941400,XLC
8/18/21,82.449997,82.919998,81.955002,82.010002,81.701866,3041200,XLC
8/19/21,81.5,82.389999,81.419998,82.019997,81.711823,4409800,XLC
8/20/21,82,82.858002,81.830002,82.730003,82.419159,4143100,XLC
8/23/21,82.839996,84.080002,82.839996,83.730003,83.415405,3062200,XLC
8/24/21,83.910004,84.327003,83.730003,84,83.684387,3132700,XLC
8/25/21,84.029999,84.32,83.849998,84.129997,83.813896,3835100,XLC
8/26/21,84.07,84.199997,83.400002,83.400002,83.086639,3279800,XLC
8/27/21,83.589996,84.860001,83.43,84.720001,84.40168,3437200,XLC
8/30/21,84.699997,85.480003,84.415001,85.300003,84.979507,2734700,XLC
8/31/21,85.269997,85.809998,85.169998,85.620003,85.298302,6091000,XLC
9/1/21,85.760002,86.355003,85.75,86.050003,85.726685,3723200,XLC
9/2/21,86.120003,86.239998,85.32,85.470001,85.148865,3229300,XLC
9/3/21,85.339996,85.614998,85.105003,85.470001,85.148865,2799000,XLC
9/7/21,85.470001,85.830002,85.269997,85.669998,85.348106,4117500,XLC
9/8/21,85.519997,85.760002,84.949997,85.230003,84.909767,3808500,XLC
9/9/21,85.080002,85.360001,84.675003,84.809998,84.491341,4114400,XLC
9/10/21,85.129997,85.260002,84.214996,84.260002,83.943413,5103400,XLC
9/13/21,84.82,84.889999,84.050003,84.470001,84.152618,5291600,XLC
9/14/21,84.690002,84.790001,83.599998,83.739998,83.425362,5467600,XLC
9/15/21,83.720001,84.297997,83.014999,84.150002,83.833824,4996700,XLC
9/16/21,84.040001,84.330002,83.464996,84.07,83.75412,3856600,XLC
9/17/21,83.839996,84.029999,82.783997,83.139999,82.827621,9970600,XLC
9/20/21,81.919998,82.040001,80.309998,81.330002,81.163048,8942900,XLC
9/21/21,81.879997,82.129997,80.93,80.989998,80.823738,6469700,XLC
9/22/21,80.739998,81.379997,80.589996,80.949997,80.783821,6815400,XLC
9/23/21,81.309998,82.18,81.169998,81.779999,81.612114,3989400,XLC
9/24/21,81.410004,82.605003,81.300003,82.449997,82.280739,4402100,XLC
9/27/21,82.010002,82.68,81.760002,82.440002,82.270767,3459700,XLC
9/28/21,81.610001,81.809998,80.309998,80.43,80.264893,8982600,XLC
9/29/21,80.82,81.290001,80.25,80.360001,80.195038,5467100,XLC
9/30/21,80.610001,80.949997,80.099998,80.110001,79.945549,10771000,XLC
10/1/21,80.529999,81.824997,80.169998,81.459999,81.292778,7308600,XLC
10/4/21,80.900002,80.949997,79.081001,79.699997,79.536385,9449000,XLC
10/5/21,79.980003,81.32,79.910004,80.889999,80.723946,3316100,XLC
10/6/21,80.080002,81.089996,79.730003,81.029999,80.863655,6599900,XLC
10/7/21,81.720001,82.144997,81.32,81.379997,81.212936,4263900,XLC
10/8/21,81.529999,81.639999,80.879997,80.980003,80.813766,2732400,XLC
10/11/21,80.639999,80.949997,79.730003,79.760002,79.596268,3590000,XLC
10/12/21,79.769997,79.838997,78.739998,79.019997,78.85778,7990700,XLC
10/13/21,79.519997,79.650002,78.900002,79.389999,79.227028,4690400,XLC
10/14/21,80.129997,80.639999,79.959999,80.510002,80.344727,3614600,XLC
10/15/21,80.779999,80.800003,80.199997,80.32,80.155113,3100400,XLC
10/18/21,80.220001,80.959999,80.059998,80.940002,80.773842,2975400,XLC
10/19/21,81.360001,81.730003,81.160004,81.720001,81.552246,2460300,XLC
10/20/21,81.910004,82.110001,81.599998,81.879997,81.711914,2934600,XLC
10/21/21,81.849998,82.160004,81.559998,82.120003,81.951424,2681200,XLC
10/22/21,80.879997,81.199997,79.980003,80.379997,80.214989,3131000,XLC
10/25/21,80.139999,80.730003,79.690002,80.730003,80.564278,3225100,XLC
10/26/21,81.07,81.169998,79.629997,80.010002,79.845757,6559500,XLC
10/27/21,79.889999,80.610001,79.684998,79.790001,79.626205,5846000,XLC
10/28/21,79.849998,80.519997,79.349998,80.050003,79.885674,3589100,XLC
10/29/21,79.870003,80.440002,79.760002,80.300003,80.135162,2845100,XLC
11/1/21,80.580002,81.059998,80.205002,80.43,80.264893,4124600,XLC
11/2/21,80.639999,80.775002,79.974998,80.440002,80.274872,3982100,XLC
11/3/21,80,80.760002,79.760002,80.730003,80.564278,2834100,XLC
11/4/21,80.980003,81.419998,80.68,81.050003,80.883621,6281800,XLC
11/5/21,81.760002,82.349998,81.610001,81.699997,81.53228,3237500,XLC
11/8/21,82.110001,82.110001,81.260002,81.339996,81.173019,3171700,XLC
11/9/21,81.519997,81.669998,80.75,81.139999,80.973434,3920900,XLC
11/10/21,80.730003,81.019997,79.910004,80.220001,80.055321,4074900,XLC
11/11/21,80.230003,80.519997,80.014999,80.059998,79.895645,2046900,XLC
11/12/21,80.459999,81.300003,80.160004,81.230003,81.063248,3240200,XLC
11/15/21,81.459999,81.910004,81.25,81.459999,81.292778,2319200,XLC
11/16/21,81.290001,81.440002,80.800003,80.849998,80.684029,2383200,XLC
11/17/21,80.839996,81.019997,80.443001,80.540001,80.374664,7330300,XLC
11/18/21,80.349998,80.370003,79.629997,79.959999,79.795853,3335900,XLC
11/19/21,80.290001,80.480003,79.57,79.690002,79.526413,6857100,XLC
11/22/21,79.800003,80,78.709999,78.720001,78.558403,4517100,XLC
11/23/21,78.57,78.93,77.949997,78.510002,78.348831,5080500,XLC
11/24/21,78.300003,78.724998,77.900002,78.620003,78.458611,4243100,XLC
11/26/21,77.860001,77.864998,77.110001,77.18,77.021561,4963000,XLC
11/29/21,78.050003,78.199997,77.375,77.839996,77.680206,6518700,XLC
11/30/21,77.529999,77.529999,75.285004,75.370003,75.215279,10423700,XLC
12/1/21,76.449997,76.660004,73.589996,73.629997,73.478844,9392300,XLC
12/2/21,73.910004,75.175003,73.760002,74.870003,74.716309,7579100,XLC
12/3/21,75.230003,75.360001,73.730003,74.699997,74.546646,8986900,XLC
12/6/21,75.120003,76.114998,74.830002,75.93,75.774124,7739200,XLC
12/7/21,76.730003,77.080002,76.480003,76.709999,76.552528,4549200,XLC
12/8/21,76.919998,77.464996,76.644997,77.269997,77.111374,9484400,XLC
12/9/21,77.050003,77.495003,76.480003,76.660004,76.502632,4065500,XLC
12/10/21,77.129997,77.279999,76.120003,76.699997,76.542542,4255400,XLC
12/13/21,76.610001,76.949997,76.065002,76.300003,76.143372,4980800,XLC
12/14/21,75.43,76.239998,75.330002,76.099998,75.943779,7010600,XLC
12/15/21,75.919998,76.985001,74.913002,76.900002,76.742134,6693200,XLC
12/16/21,77.080002,77.690002,76.550003,76.790001,76.632362,7365300,XLC
12/17/21,76.290001,77.074997,75.82,76.480003,76.323006,9932400,XLC
12/20/21,75.559998,75.839996,75.080002,75.790001,75.790001,4487000,XLC
12/21/21,76.150002,77.324997,75.980003,77.230003,77.230003,5198200,XLC
12/22/21,77.059998,77.629997,76.900002,77.419998,77.419998,3267000,XLC
12/23/21,77.519997,78.370003,77.480003,78.110001,78.110001,2383200,XLC
12/27/21,78.349998,79.044998,78.339996,78.870003,78.870003,2667600,XLC
12/28/21,78.959999,79.544998,78.714996,78.830002,78.830002,3214700,XLC
12/29/21,78.870003,79.07,78.193001,78.440002,78.440002,3775600,XLC
12/30/21,78.629997,79.190002,78.610001,78.769997,78.769997,4483500,XLC
12/31/21,78.57,78.870003,77.654999,77.68,77.68,5689100,XLC
1/3/22,77.860001,78.510002,77.800003,78.220001,78.220001,11984800,XLC
1/4/22,78.529999,78.730003,77.620003,78.050003,78.050003,11729100,XLC
1/5/22,78.059998,78.440002,76.07,76.089996,76.089996,19325400,XLC
1/6/22,76.129997,77.379997,75.889999,76.43,76.43,14641300,XLC
1/7/22,76.43,76.959999,76.150002,76.440002,76.440002,7882800,XLC
1/10/22,75.709999,75.980003,74.230003,75.959999,75.959999,9446100,XLC
1/11/22,75.889999,76.919998,75.489998,76.910004,76.910004,6813400,XLC
1/12/22,77.190002,77.440002,76.629997,77.010002,77.010002,5666800,XLC
1/13/22,77.199997,77.370003,76.074997,76.209999,76.209999,6354100,XLC
1/14/22,75.540001,76.620003,75.535004,76.559998,76.559998,6608600,XLC
1/18/22,76.5,76.620003,75.474998,75.629997,75.629997,5903000,XLC
1/19/22,75.849998,76.668999,75.450996,75.5,75.5,6647000,XLC
1/20/22,75.940002,76.830002,74.665001,74.75,74.75,7335300,XLC
1/21/22,73.779999,74.195,72.190002,72.220001,72.220001,14330900,XLC
1/24/22,71.099998,72.839996,69.480003,72.75,72.75,18812500,XLC
1/25/22,71.540001,72.220001,70.620003,71.260002,71.260002,9180300,XLC
1/26/22,72.349998,72.349998,69.510002,70.220001,70.220001,12982900,XLC
1/27/22,70.720001,71.75,70.18,70.300003,70.300003,9541500,XLC
1/28/22,70.470001,72.330002,70.199997,72.309998,72.309998,6249500,XLC
1/31/22,72.300003,74,71.82,73.949997,73.949997,6105900,XLC
2/1/22,74,74.690002,73.379997,74.589996,74.589996,6284100,XLC
2/2/22,76.57,76.57,75.260002,76.080002,76.080002,5357300,XLC
2/3/22,71.699997,72.489998,70.849998,70.989998,70.989998,9281100,XLC
2/4/22,70.720001,71.754997,69.980003,71.169998,71.169998,6675800,XLC
2/7/22,71.349998,71.400002,69.754997,69.93,69.93,4843500,XLC
2/8/22,69.660004,70.144997,69.360001,69.900002,69.900002,6073900,XLC
2/9/22,70.709999,71.889999,70.639999,71.870003,71.870003,6325600,XLC
2/10/22,70.879997,72.105003,70.519997,70.839996,70.839996,6571600,XLC
2/11/22,70.800003,71.190002,69.059998,69.309998,69.309998,7358900,XLC
2/14/22,69.230003,69.760002,68.779999,69.32,69.32,5342600,XLC
2/15/22,70.059998,70.330002,69.699997,70.290001,70.290001,4291900,XLC
2/16/22,69.360001,69.949997,68.949997,69.800003,69.800003,4556400,XLC
2/17/22,69.220001,69.360001,67.894997,67.940002,67.940002,7516700,XLC
2/18/22,68.139999,68.584999,67.209999,67.410004,67.410004,7513300,XLC
2/22/22,67.059998,67.794998,66.25,66.720001,66.720001,8859500,XLC
2/23/22,67.160004,67.32,65.550003,65.599998,65.599998,6548700,XLC
2/24/22,64.07,67.580002,64.029999,67.440002,67.440002,10993400,XLC
2/25/22,67.580002,68.625,67.129997,68.529999,68.529999,7187100,XLC
2/28/22,67.699997,68.870003,67.620003,68.449997,68.449997,8388800,XLC
3/1/22,68.139999,68.580002,67.209999,67.589996,67.589996,6151100,XLC
3/2/22,67.779999,68.440002,67.360001,68.169998,68.169998,7782500,XLC
3/3/22,68.660004,68.779999,67.18,67.459999,67.459999,6528200,XLC
3/4/22,67.089996,67.379997,66.190002,66.489998,66.489998,6324800,XLC
3/7/22,66.389999,66.389999,64.239998,64.279999,64.279999,7726800,XLC
3/8/22,64.190002,65.809998,63.685001,64.120003,64.120003,10154000,XLC
3/9/22,65.629997,66.254997,65.379997,66.040001,66.040001,6776000,XLC
3/10/22,65.150002,65.75,64.845001,65.550003,65.550003,5783600,XLC
3/11/22,65.970001,66.050003,64.290001,64.370003,64.370003,4982600,XLC
3/14/22,64.360001,65.050003,63.490002,63.619999,63.619999,6998900,XLC
3/15/22,64.099998,64.949997,63.75,64.839996,64.839996,6259300,XLC
3/16/22,65.400002,66.650002,64.860001,66.629997,66.629997,6621600,XLC
3/17/22,66.410004,67.349998,66.169998,67.349998,67.349998,5120700,XLC
3/18/22,67.099998,68.309998,66.889999,68.230003,68.230003,8621900,XLC
3/18/22,67.099998,68.305,66.889999,68.230003,68.230003,8622240,XLC